{
    "Details": {
      "numberOfColumns": 3,
      "fields": [
        {
          "key": "name",
          "name": "Name",
          "type": "STRING",
          "isNotEditable": true,
          "required": true
        },
        {
          "key": "trProductId",
          "name": "TR Product",
          "type": "TR_PRODUCT",
          "required": true
        },
        {
          "key": "activeDirectoryGroup",
          "name": "AD Group",
          "type": "AD_GROUP",
          "isNotEditable": true,
          "required": true
        },
        {
          "key": "distributionEmail",
          "name": "DL Notification Email",
          "type": "EMAIL",
          "required": true
        },
        {
          "key": "serviceNowGroup",
          "name": "ServiceNow Group",
          "type": "STRING",
          "required": true
        },
        {
          "key": "complianceLevel",
          "name": "Compliance Level",
          "type": "COMPLIANCE_SELECTOR",
          "isNotEditable": true,
          "required": true
        }
      ]
    },
    "Environments": {
      "numberOfColumns": 2,
      "order": 1,
      "fields": [
        {
          "key": "environments",
          "name": "Environment",
          "fieldId": "environments",
          "type": "ENVIRONMENT_SELECTOR",
          "numberOfColumns": 6,
          "required": true,
          "renderAs": "modal",
          "validEnvironments": ["DEV", "STAGE", "PROD"],
          "subFields": [
            {
              "key": "region",
              "name": "Region",
              "type": "SELECT_SINGLE",
              "required": true,
              "isNotEditable": true,
              "colSpan": 6,
              "validOptions": [
                {
                  "value": "southcentralus",
                  "label": "Azure South Central US"
                },
                {
                  "value": "westus",
                  "label": "Azure West US"
                },
                {
                  "value": "eastus2",
                  "label": "Azure East US 2"
                },
                {
                  "value": "uksouth",
                  "label": "Azure UK South"
                },
                {
                  "value": "ukwest",
                  "label": "Azure UK West"
                }
              ]
            },
            {
              "key": "cores",
              "name": "Cores",
              "type": "NUMBER",
              "colSpan": 3,
              "required": false,
              "helpText": "The number of cores.",
              "validationRules": [
                {
                  "type": "number",
                  "max": 1000,
                  "message": "max 1000"
                }
              ]
            },
            {
              "key": "memory",
              "name": "Memory",
              "type": "NUMBER",
              "colSpan": 3,
              "required": true,
              "helpText": "The amount of memory in GB.",
              "validationRules": [
                {
                  "type": "number",
                  "max": 102400,
                  "message": "max 102400 GB"
                }
              ]
            }
          ]
        }
      ]
    }
  }