{
  "detail": {
    "name": "eis-1",
    "activeDirectoryGroup": "strati-hub-admin",
    "distributionEmail": "test123-api@walmart.com",
    "serviceNowGroup": "Test CHG Group",
    "trProductId": 985,
    "applicationTier": 2,
    "complianceLevel": "GENERAL",
    "dataClassification": "NON_SENSITIVE"
  },
  "environments": [
    {
      "type": "DEV",
      "region": "southcentralus",
      "cores": "1",
      "memory": "1",
      "concordProcessId": "111111",
      "concordStatus": "COMPLETED"
    },
    {
      "type": "STAGE",
      "region": "westus",
      "cores": "5",
      "memory": "5",
      "concordProcessId": "8675309",
      "concordStatus": "FAILED"
    },
    {
      "type": "PROD",
      "region": "eastus2",
      "cores": "22",
      "memory": "22",
      "concordProcessId": "010101",
      "concordStatus": "PENDING"
    }
  ]
}
